symbol,timestamp,open,high,low,close,volume,vwap
BAC,1722470400000,40.44,40.45,38.98,39.5,60107845,
BAC,1722556800000,38.0,38.53,37.18,37.58,76727990,
BAC,1722816000000,35.65,36.955,35.14,36.65,76075189,
BAC,1722902400000,36.65,37.31,36.54,36.92,40614118,
BAC,1722988800000,38.1,38.585,37.27,37.3,44952353,
BAC,1723075200000,37.82,38.415,37.66,38.21,36557830,
BAC,1723161600000,38.16,38.45,37.905,38.28,26411232,
BAC,1723420800000,38.5,38.7299,38.01,38.17,33040638,
BAC,1723507200000,38.37,38.48,38.12,38.46,21553473,
BAC,1723593600000,38.52,38.915,38.43,38.81,25658857,
BAC,1723680000000,39.43,39.68,38.965,39.03,37379822,
BAC,1723766400000,39.0,39.42,38.99,39.34,26886616,
BAC,1724025600000,39.48,39.745,39.45,39.67,27268922,
BAC,1724112000000,39.12,39.24,38.34,38.69,44440757,
BAC,1724198400000,38.87,38.995,38.385,38.75,33751073,
BAC,1724284800000,38.78,39.29,38.565,39.24,35421638,
BAC,1724371200000,39.27,40.17,39.27,39.77,45616647,
BAC,1724630400000,40.0,40.2,39.66,39.92,44659531,
BAC,1724716800000,40.0,40.125,39.61,39.67,32323906,
BAC,1724803200000,39.34,40.27,39.33,39.95,40700528,
BAC,1724889600000,40.05,40.34,39.53,40.17,34810840,
BAC,1724976000000,40.17,40.86,40.13,40.75,49098180,
BAC,1725321600000,40.58,40.9,40.23,40.7,48489317,
BAC,1725408000000,40.66,40.95,40.28,40.5,37732036,
BAC,1725494400000,40.8,40.94,40.01,40.14,34214544,
BAC,1725580800000,39.77,39.875,38.56,38.76,47007588,
BAC,1725840000000,39.25,39.705,39.1001,39.47,37610209,
BAC,1725926400000,39.84,39.84,38.325,39.28,53983875,
BAC,1726012800000,38.99,39.03,38.01,39.0,41190035,
BAC,1726099200000,39.05,39.33,38.535,38.78,39948814,
BAC,1726185600000,38.88,39.09,38.44,38.65,31887313,
BAC,1726444800000,38.81,39.21,38.79,39.1,26336364,
BAC,1726531200000,39.28,39.8,39.21,39.55,27769380,
BAC,1726617600000,39.62,40.12,39.415,39.62,42527830,
BAC,1726704000000,40.04,41.045,40.01,40.87,57977753,
BAC,1726790400000,40.62,40.73,40.24,40.27,70725043,
BAC,1727049600000,40.21,40.44,39.75,39.87,31714848,
BAC,1727136000000,39.85,39.98,39.25,39.45,32534876,
BAC,1727222400000,39.25,39.41,38.94,39.25,28866008,
BAC,1727308800000,39.39,39.715,39.11,39.52,39601424,
BAC,1727395200000,39.65,39.9,39.352,39.4,27861084,
BAC,1727654400000,39.23,39.79,39.02,39.68,35058346,
BAC,1727740800000,39.51,39.56,38.94,39.22,26291185,
BAC,1727827200000,39.25,39.54,39.045,39.23,23302745,
BAC,1727913600000,38.98,39.27,38.725,39.25,26030228,
BAC,1728000000000,39.93,40.25,39.615,40.11,34255929,
BAC,1728259200000,40.21,40.435,39.71,39.96,27177530,
BAC,1728345600000,40.05,40.145,39.805,39.93,26023649,
BAC,1728432000000,39.87,40.385,39.72,40.19,27420997,
BAC,1728518400000,40.01,40.13,39.77,39.97,26182261,
BAC,1728604800000,40.5,42.17,40.4,41.95,50660740,
BAC,1728864000000,41.96,42.1799,41.72,41.91,28098947,
BAC,1728950400000,43.225,43.3615,42.05,42.14,61489989,
BAC,1729036800000,42.21,43.1,42.145,42.8,42437818,
BAC,1729123200000,42.83,43.0,42.465,42.6,31708564,
BAC,1729209600000,42.43,42.645,42.11,42.32,30593526,
BAC,1729468800000,42.25,42.41,41.74,41.76,26589499,
BAC,1729555200000,41.65,42.405,41.57,42.3,37104409,
BAC,1729641600000,42.2,42.47,42.0199,42.34,28569350,
BAC,1729728000000,42.32,42.66,41.97,42.65,28392010,
BAC,1729814400000,42.92,42.98,41.785,41.89,27466909,
BAC,1730073600000,42.07,42.745,42.005,42.62,24527603,
BAC,1730160000000,42.59,42.81,42.47,42.53,22313522,
BAC,1730246400000,41.71,42.9,41.64,42.31,38100539,
BAC,1730332800000,42.29,42.55,41.8,41.82,28138240,
BAC,1730419200000,42.15,42.43,41.75,41.76,31220003,
BAC,1730678400000,41.61,42.02,41.11,41.33,31110086,
BAC,1730764800000,41.51,42.01,41.375,41.88,30851406,
BAC,1730851200000,44.8,45.55,44.0,45.41,110086715,
BAC,1730937600000,45.04,45.23,44.505,44.77,48339732,
BAC,1731024000000,45.14,45.5,44.945,45.13,38331814,
BAC,1731283200000,45.6,46.5175,45.58,46.08,43293527,
BAC,1731369600000,46.14,46.45,45.84,45.86,38155885,
BAC,1731456000000,46.2,46.48,45.83,45.87,36903859,
BAC,1731542400000,45.95,46.16,45.73,45.9,35733066,
BAC,1731628800000,45.62,46.84,45.62,46.75,40488863,
BAC,1731888000000,46.75,47.02,46.485,46.72,32371771,
BAC,1731974400000,45.99,46.615,45.95,46.41,28534097,
BAC,1732060800000,46.57,46.64,45.92,46.06,28021049,
BAC,1732147200000,46.39,47.05,46.3,46.46,45336463,
BAC,1732233600000,46.37,47.22,46.28,47.0,37996162,
BAC,1732492800000,47.26,47.74,47.16,47.5,42718557,
BAC,1732579200000,47.505,47.84,47.21,47.75,30301526,
BAC,1732665600000,47.82,47.98,47.65,47.77,23278393,
BAC,1732838400000,47.8,48.08,47.5,47.51,23262009,
BAC,1733097600000,47.74,47.82,46.85,47.04,35891499,
BAC,1733184000000,47.37,47.4778,46.65,46.82,38123774,
BAC,1733270400000,46.69,46.78,46.13,46.37,24941282,
BAC,1733356800000,46.56,47.24,46.5,47.0,31572096,
BAC,1733443200000,47.06,47.06,46.4,46.75,28931688,
BAC,1733702400000,46.56,46.745,45.895,45.91,34660938,
BAC,1733788800000,45.91,46.29,45.585,45.75,35665762,
BAC,1733875200000,46.0,46.16,45.47,46.08,36790464,
BAC,1733961600000,46.14,46.47,45.92,46.08,24017311,
BAC,1734048000000,46.09,46.1,45.38,45.67,32902264,
BAC,1734307200000,45.59,45.68,45.16,45.47,27330402,
BAC,1734393600000,45.19,45.19,44.62,45.05,33054645,
BAC,1734480000000,45.14,45.43,43.35,43.5,41771890,
BAC,1734566400000,43.97,44.48,43.3103,43.38,38583594,
BAC,1734652800000,43.2,44.395,43.1024,44.17,74222240,
BAC,1734912000000,43.9,44.11,42.78,43.89,35374791,
BAC,1734998400000,43.93,44.415,43.93,44.38,12054354,
BAC,1735171200000,44.21,44.58,44.105,44.55,16079707,
BAC,1735257600000,44.24,44.78,44.06,44.34,17972488,
BAC,1735516800000,43.89,44.14,43.55,43.91,16109771,
BAC,1735603200000,44.04,44.23,43.705,43.95,16110352,
BAC,1735776000000,44.14,44.5868,43.8,44.29,25610575,
BAC,1735862400000,44.75,44.85,44.15,44.81,23455711,
BAC,1736121600000,45.155,46.15,45.0999,45.4,30518458,
BAC,1736208000000,46.28,46.65,45.65,46.08,41111204,
BAC,1736294400000,45.9,46.26,45.69,46.21,40246008,
BAC,1736467200000,46.0,46.05,44.735,45.11,40741349,
BAC,1736726400000,45.1,45.34,44.69,45.06,34353617,
BAC,1736812800000,45.6,45.92,45.23,45.78,36379011,
BAC,1736899200000,47.12,47.46,46.84,47.1,57154814,
BAC,1736985600000,47.0,47.51,45.82,46.64,56339293,
BAC,1737072000000,46.61,46.88,46.08,46.53,44486094,
BAC,1737417600000,46.62,47.15,46.54,46.66,52089087,
BAC,1737504000000,46.6,46.73,45.76,45.79,40296223,
BAC,1737590400000,46.05,46.89,46.045,46.39,35324065,
BAC,1737676800000,46.23,46.86,46.15,46.52,24655102,
BAC,1737936000000,46.55,47.14,46.38,47.09,44260048,
BAC,1738022400000,47.08,47.4358,46.71,46.84,27156644,
BAC,1738108800000,46.75,47.39,46.64,46.75,23681527,
BAC,1738195200000,47.11,47.165,46.4,46.72,31199866,
BAC,1738281600000,46.7,46.83,46.16,46.3,30392921,
BAC,1738540800000,45.42,46.48,45.11,46.21,36497705,
BAC,1738627200000,46.35,47.13,46.27,46.71,32893992,
BAC,1738713600000,46.98,47.13,46.6448,47.11,27696614,
BAC,1738800000000,47.44,47.98,47.17,47.74,39793386,
BAC,1738886400000,47.84,47.97,47.38,47.4,26504696,
BAC,1739145600000,47.48,47.555,46.4,46.67,26725206,
BAC,1739232000000,46.55,46.93,46.275,46.79,20314881,
BAC,1739318400000,46.57,46.58,45.935,46.21,29777070,
BAC,1739404800000,46.52,46.57,45.97,46.33,26815396,
BAC,1739491200000,46.48,47.09,46.48,46.96,25960495,
BAC,1739836800000,46.56,46.65,46.16,46.53,37824104,
BAC,1739923200000,45.88,46.055,45.4201,46.01,38967823,
BAC,1740009600000,45.9,46.19,45.04,45.3,40001086,
BAC,1740096000000,45.25,45.51,44.535,44.81,43485874,
BAC,1740355200000,45.03,45.39,44.435,44.46,35512204,
BAC,1740441600000,44.53,44.835,43.35,43.94,38119007,
BAC,1740528000000,44.04,44.5453,43.86,43.94,32251699,
BAC,1740614400000,44.09,44.7756,43.935,44.12,28477725,
BAC,1740700800000,44.32,46.2,44.199,46.1,62621148,
BAC,1740960000000,46.21,46.96,45.22,45.56,46946021,
BAC,1741046400000,44.73,44.84,42.03,42.67,78278115,
BAC,1741132800000,42.65,42.73,41.705,42.29,52588903,
BAC,1741219200000,41.59,41.89,40.9556,41.46,58103505,
BAC,1741305600000,41.31,41.73,40.61,41.4,50651434,
BAC,1741564800000,40.4,40.62,39.18,39.83,76339995,
BAC,1741651200000,39.7,40.66,39.27,39.61,50608382,
BAC,1741737600000,40.31,40.5,39.2,39.91,42290673,
BAC,1741824000000,39.97,40.19,39.33,39.67,37766080,
BAC,1741910400000,40.26,41.015,40.1724,40.89,35979933,
BAC,1742169600000,40.92,41.77,40.59,41.44,37242797,
BAC,1742256000000,41.72,41.83,41.29,41.65,37644466,
BAC,1742342400000,41.72,42.6983,41.3,42.21,42471117,
BAC,1742428800000,41.76,42.72,41.65,42.48,41018128,
BAC,1742515200000,42.16,42.66,41.89,42.47,65010969,
BAC,1742774400000,42.93,43.15,42.75,43.07,30646143,
BAC,1742860800000,43.35,43.53,43.04,43.28,25445348,
BAC,1742947200000,43.46,43.72,42.73,42.82,30064465,
BAC,1743033600000,42.82,43.09,42.515,42.56,25619235,
BAC,1743120000000,42.44,42.62,40.985,41.25,34252982,
BAC,1743379200000,40.78,41.895,40.605,41.73,36389953,
BAC,1743465600000,41.32,41.7,40.965,41.49,25578539,
BAC,1743552000000,40.88,41.97,40.815,41.85,28216129,
BAC,1743638400000,38.63,38.84,37.015,37.22,115497878,
BAC,1743724800000,35.29,35.79,33.67,34.39,107761162,
BAC,1743984000000,34.97,36.63,33.54,35.58,137329068,
BAC,1744070400000,36.86,37.325,34.33,35.03,79116309,
BAC,1744156800000,34.05,37.855,33.065,37.15,161173535,
BAC,1744243200000,36.32,36.4,34.63,35.85,90451847,
BAC,1744329600000,35.2,36.225,34.81,35.95,63671938,
BAC,1744588800000,36.49,36.99,36.27,36.67,46830587,
BAC,1744675200000,37.8,38.75,37.795,37.99,84677796,
BAC,1744761600000,37.86,38.155,36.97,37.33,52872668,
BAC,1744848000000,37.505,37.8699,37.24,37.41,47144445,
BAC,1745193600000,37.07,37.2798,36.495,36.92,34928346,
BAC,1745280000000,37.57,38.49,37.4,38.32,42288918,
BAC,1745366400000,39.405,40.13,38.67,38.75,54428408,
BAC,1745452800000,38.66,39.7,38.595,39.58,42457109,
BAC,1745539200000,39.54,39.79,39.315,39.69,32694154,
BAC,1745798400000,39.8,40.08,39.46,39.78,37428007,
BAC,1745884800000,39.63,40.14,39.48,39.99,33792544,
BAC,1745971200000,39.36,40.0,38.815,39.88,40994596,
BAC,1746057600000,39.82,40.44,39.58,40.17,33569144,
BAC,1746144000000,40.91,41.23,40.7001,41.07,41613021,
BAC,1746403200000,40.85,41.49,40.62,41.12,32829236,
BAC,1746489600000,40.65,41.27,40.555,40.84,29541838,
BAC,1746576000000,41.04,41.34,40.86,40.93,30928612,
BAC,1746662400000,41.285,42.1498,41.25,41.6,41861747,
BAC,1746748800000,41.73,41.98,41.69,41.79,27222761,
BAC,1747008000000,43.32,43.955,42.94,43.36,44875064,
BAC,1747094400000,43.42,44.485,43.42,44.28,43232541,
BAC,1747180800000,44.19,44.92,44.13,44.74,42419547,
BAC,1747267200000,44.6,44.98,44.01,44.38,47379372,
BAC,1747353600000,44.34,44.79,43.655,44.69,49488135,
BAC,1747612800000,44.11,45.14,44.11,44.77,37915717,
BAC,1747699200000,44.59,44.91,44.41,44.69,33424251,
BAC,1747785600000,44.37,44.49,43.145,43.25,55594058,
BAC,1747872000000,43.175,43.57,42.96,43.31,29026187,
BAC,1747958400000,42.48,43.43,42.35,43.2,34875060,
BAC,1748304000000,43.79,44.22,43.295,44.22,36322007,
BAC,1748390400000,44.21,44.4385,43.96,44.06,35673753,
BAC,1748476800000,44.37,44.46,43.9,44.24,28553008,
BAC,1748563200000,44.19,44.3,43.72,44.13,66537474,
BAC,1748822400000,43.88,44.15,43.36,44.08,28582598,
BAC,1748908800000,44.01,44.73,43.94,44.65,31320154,
BAC,1748995200000,44.6,45.09,44.34,44.36,30591708,
BAC,1749081600000,44.45,44.575,44.01,44.38,32036157,
BAC,1749168000000,44.69,45.165,44.64,44.97,37013001,
BAC,1749427200000,45.11,45.4,44.78,44.87,32414025,
BAC,1749513600000,44.8,45.195,44.75,45.09,32229081,
BAC,1749600000000,45.2,45.41,44.55,44.73,47873455,
BAC,1749686400000,44.4,44.65,44.02,44.62,30165422,
BAC,1749772800000,43.995,44.46,43.6649,44.09,43281740,
BAC,1750032000000,44.64,44.89,44.35,44.41,34103646,
BAC,1750118400000,44.27,44.67,44.06,44.23,27489633,
BAC,1750204800000,44.26,45.2,44.21,45.06,37684730,
BAC,1750377600000,45.305,45.65,45.265,45.5,64591572,
BAC,1750636800000,45.4,46.37,45.105,46.3,42683615,
BAC,1750723200000,46.75,47.19,46.565,46.66,45437593,
BAC,1750809600000,46.575,46.98,46.46,46.85,33532391,
BAC,1750896000000,46.945,47.58,46.9,47.46,40127021,
BAC,1750982400000,47.45,47.67,46.91,47.12,56705021,
BAC,1751241600000,47.62,47.62,47.03,47.32,47921177,
BAC,1751328000000,47.02,48.42,46.94,48.15,48540877,
BAC,1751414400000,48.36,48.73,48.06,48.71,48003612,
BAC,1751500800000,48.945,49.305,48.81,48.93,21620278,
BAC,1751846400000,48.735,49.21,48.365,48.66,35567880,
BAC,1751932800000,47.5,47.79,46.76,47.15,88086497,
BAC,1752019200000,47.16,47.45,46.71,46.84,46227855,
BAC,1752105600000,46.9,47.22,46.78,46.97,44224992,
BAC,1752192000000,46.64,46.81,46.25,46.73,31653005,
BAC,1752451200000,46.81,47.07,46.55,47.07,36381172,
BAC,1752537600000,46.88,47.01,45.95,46.15,55144992,
BAC,1752624000000,46.25,46.56,45.01,46.03,61296628,
BAC,1752710400000,45.635,47.22,45.44,47.02,56480729,
BAC,1752796800000,47.01,47.38,46.9,47.32,48314188,
BAC,1753056000000,47.54,48.04,47.2,47.48,32199673,
BAC,1753142400000,47.6,48.17,47.46,47.77,34749381,
BAC,1753228800000,48.01,48.305,47.805,48.14,31380097,
BAC,1753315200000,48.49,49.0,48.21,48.39,42967619,
BAC,1753401600000,48.39,48.55,47.935,48.45,24461228,
BAC,1753660800000,48.45,48.54,48.0801,48.23,20590380,
BAC,1753747200000,48.39,48.51,47.8901,47.95,26216484,
BAC,1753833600000,48.26,48.5,47.7401,47.96,32265850,
BAC,1753920000000,47.76,48.03,47.19,47.27,40016313,
BAC,1754006400000,46.36,46.41,45.32,45.66,52310438,
BAC,1754265600000,45.96,46.105,45.635,45.85,31038904,
BAC,1754352000000,45.95,46.0,44.75,45.56,36798320,
BAC,1754438400000,45.71,45.94,45.385,45.42,27916767,
BAC,1754524800000,45.71,45.76,44.78,44.92,30609882,
BAC,1754611200000,45.15,46.3,44.98,46.01,37131557,
BAC,1754870400000,46.055,46.52,45.81,46.16,35559383,
BAC,1754956800000,46.48,47.66,46.36,47.5,35484466,
BAC,1755043200000,47.68,47.76,46.99,47.24,29465062,
BAC,1755129600000,47.085,47.73,46.8904,47.71,21073786,
BAC,1755216000000,47.75,47.82,46.9,46.94,26276902,
BAC,1755475200000,46.92,48.04,46.79,47.92,43125120,
BAC,1755561600000,47.82,48.115,47.63,48.08,33783443,
BAC,1755648000000,48.165,48.5,47.87,48.35,30822222,
BAC,1755734400000,48.27,48.49,47.81,48.26,28713163,
BAC,1755820800000,48.52,49.66,48.46,49.48,45078911,
BAC,1756080000000,49.39,49.66,49.21,49.48,34715749,
BAC,1756166400000,49.25,50.26,49.25,50.25,40609302,
BAC,1756252800000,50.03,50.63,49.99,50.38,42428187,
BAC,1756339200000,50.55,50.64,50.28,50.49,32949399,
BAC,1756425600000,50.51,50.9175,50.51,50.74,32496470,
BAC,1756771200000,50.22,50.47,49.67,50.42,52719782,
BAC,1756857600000,50.4,50.57,49.7,50.06,33934810,
BAC,1756944000000,50.24,50.83,50.12,50.62,34796896,
BAC,1757030400000,50.44,50.79,49.23,49.77,40063322,
BAC,1757289600000,49.8,49.905,48.875,49.46,48033135,
BAC,1757376000000,49.5,50.56,49.46,50.29,40060147,
BAC,1757462400000,50.37,50.625,49.965,50.13,31706338,
BAC,1757548800000,50.14,50.96,49.99,50.75,28055187,
BAC,1757635200000,50.7,50.93,50.455,50.58,27851108,
BAC,1757894400000,50.85,51.09,50.46,50.59,29043572,
BAC,1757980800000,50.64,50.875,50.21,50.66,31624444,
BAC,1758067200000,50.86,51.625,50.79,51.4,38337889,
BAC,1758153600000,51.49,52.19,51.3,52.13,35246871,
BAC,1758240000000,52.15,52.66,51.76,52.25,98970669,
BAC,1758499200000,51.76,52.35,51.755,51.92,27467951,
BAC,1758585600000,52.0,52.88,51.515,51.7,28278182,
BAC,1758672000000,51.85,52.25,51.455,51.7,27010386,
BAC,1758758400000,51.48,52.33,51.44,51.85,22957932,
BAC,1758844800000,52.11,52.62,51.98,52.21,20025763,
BAC,1759104000000,52.36,52.55,52.11,52.42,23700991,
BAC,1759190400000,52.48,52.565,51.015,51.59,29944960,
BAC,1759276800000,51.3,51.675,50.555,50.68,27709125,
BAC,1759363200000,50.65,50.845,50.07,50.48,22757213,
BAC,1759449600000,50.62,51.13,50.5523,50.64,24565717,
BAC,1759708800000,50.93,51.32,49.89,50.39,25386321,
BAC,1759795200000,50.55,50.91,50.125,50.29,24107321,
BAC,1759881600000,50.4,50.51,49.78,49.84,24014168,
BAC,1759968000000,50.0,50.275,49.665,49.79,21816912,
BAC,1760054400000,49.925,50.14,48.55,48.65,31831921,
BAC,1760313600000,49.2,49.4,48.81,48.86,34462800,
BAC,1760400000000,48.85,50.495,48.525,50.09,42462595,
BAC,1760486400000,51.57,52.85,51.23,52.28,69992192,
BAC,1760572800000,52.6,52.755,50.0,50.44,49027707,
BAC,1760659200000,50.95,51.77,50.33,51.28,48915375,
BAC,1760918400000,51.44,52.28,51.37,52.04,25785985,
BAC,1761004800000,52.09,52.37,51.44,51.52,27303428,
BAC,1761091200000,51.495,51.58,50.435,51.1,34954973,
BAC,1761177600000,51.48,51.8,51.11,51.76,26028810,
BAC,1761264000000,51.85,52.815,51.85,52.57,38923897,
BAC,1761523200000,52.8,53.065,52.53,53.02,27345801,
BAC,1761609600000,53.0,53.275,52.34,52.87,29575215,
BAC,1761696000000,52.66,53.005,52.32,52.58,29158770,
BAC,1761782400000,52.67,53.44,52.56,53.03,37548588,
BAC,1761868800000,52.79,53.64,52.77,53.45,39295717,
BAC,1762128000000,53.26,53.64,52.71,53.56,31252323,
BAC,1762214400000,53.02,53.995,52.72,53.54,47226578,
BAC,1762300800000,52.96,53.07,51.735,52.45,53700819,
BAC,1762387200000,53.42,53.75,52.77,53.29,55296039,
BAC,1762473600000,53.15,53.58,52.71,53.2,40537658,
BAC,1762732800000,53.41,53.99,53.34,53.42,26094576,
BAC,1762819200000,53.75,53.98,53.28,53.63,22244345,
BAC,1762905600000,53.89,54.69,53.77,54.11,40536695,
BAC,1762992000000,53.79,54.21,52.77,52.87,37716055,
BAC,1763078400000,52.86,52.8985,52.03,52.61,32363064,
BAC,1763337600000,52.575,52.58,51.39,51.48,35546828,
BAC,1763424000000,51.28,52.18,51.145,51.64,35189535,
BAC,1763510400000,51.67,52.485,51.67,52.02,28112345,
BAC,1763596800000,52.5,52.95,50.97,51.0,36661608,
BAC,1763683200000,51.29,51.78,50.695,51.56,43867164,
BAC,1763942400000,51.645,52.24,51.395,51.93,52852083,
BAC,1764028800000,52.25,52.88,51.86,52.48,41310130,
BAC,1764115200000,52.7,53.2468,52.55,52.99,32045585,
BAC,1764288000000,53.11,53.94,53.05,53.65,18920782,
BAC,1764547200000,53.5,53.9,53.21,53.24,30536532,
BAC,1764633600000,53.53,53.64,52.97,53.19,46073513,
BAC,1764720000000,53.25,54.24,53.18,54.09,37134402,
BAC,1764806400000,54.21,54.69,54.0,54.16,38529590,
BAC,1764892800000,53.93,54.825,53.74,53.95,33986515,
BAC,1765152000000,53.9,54.209,53.485,53.9,34217245,
BAC,1765238400000,53.97,54.28,53.265,53.54,44208543,
BAC,1765324800000,53.59,54.55,53.34,54.08,54424439,
BAC,1765411200000,53.95,54.65,53.75,54.56,35686915,
BAC,1765497600000,54.78,55.295,54.35,55.14,40539413,
BAC,1765756800000,55.41,56.07,55.065,55.33,32881254,
BAC,1765843200000,55.14,55.35,54.69,54.81,32931915,
BAC,1765929600000,55.12,55.57,54.4635,54.55,35304082,
BAC,1766016000000,54.8,55.15,53.77,54.26,87452699,
BAC,1766102400000,54.52,55.31,54.375,55.27,73001930,
BAC,1766361600000,55.37,56.11,55.34,55.88,33408769,
BAC,1766448000000,55.81,56.22,55.81,55.97,22274605,
BAC,1766534400000,56.13,56.5,55.89,56.25,13634407,
BAC,1766707200000,56.28,56.545,56.025,56.17,15259444,
BAC,1766966400000,56.105,56.245,55.27,55.35,21040098,
BAC,1767052800000,55.49,55.64,55.17,55.28,17427630,
BAC,1767139200000,55.32,55.42,54.93,55.0,16293026,
